2026/05/29 18:52:03.628, NVIDIA H800 PCIe, 0, 0, 81559, 0
2026/05/29 18:52:08.667, NVIDIA H800 PCIe, 0, 1509, 81559, 2
2026/05/29 18:52:13.705, NVIDIA H800 PCIe, 0, 2029, 81559, 96
2026/05/29 18:52:18.737, NVIDIA H800 PCIe, 0, 2029, 81559, 95
2026/05/29 18:52:23.770, NVIDIA H800 PCIe, 0, 2075, 81559, 96
2026/05/29 18:52:28.803, NVIDIA H800 PCIe, 0, 2089, 81559, 96
2026/05/29 18:52:33.838, NVIDIA H800 PCIe, 0, 2149, 81559, 96
2026/05/29 18:52:38.871, NVIDIA H800 PCIe, 0, 2177, 81559, 96
2026/05/29 18:52:43.904, NVIDIA H800 PCIe, 0, 2287, 81559, 96
2026/05/29 18:52:48.938, NVIDIA H800 PCIe, 0, 2291, 81559, 96
2026/05/29 18:52:53.971, NVIDIA H800 PCIe, 0, 2355, 81559, 94
2026/05/29 18:52:59.005, NVIDIA H800 PCIe, 0, 2449, 81559, 95
2026/05/29 18:53:04.040, NVIDIA H800 PCIe, 0, 2469, 81559, 96
2026/05/29 18:53:09.074, NVIDIA H800 PCIe, 0, 2457, 81559, 96
2026/05/29 18:53:14.095, NVIDIA H800 PCIe, 0, 2657, 81559, 96
2026/05/29 18:53:19.128, NVIDIA H800 PCIe, 0, 2505, 81559, 96
2026/05/29 18:53:24.149, NVIDIA H800 PCIe, 0, 2569, 81559, 0
2026/05/29 18:53:29.183, NVIDIA H800 PCIe, 0, 2573, 81559, 96
2026/05/29 18:53:34.205, NVIDIA H800 PCIe, 0, 2587, 81559, 96
2026/05/29 18:53:39.289, NVIDIA H800 PCIe, 0, 2623, 81559, 96
2026/05/29 18:53:44.317, NVIDIA H800 PCIe, 0, 2599, 81559, 96
2026/05/29 18:53:49.356, NVIDIA H800 PCIe, 0, 2633, 81559, 96
2026/05/29 18:53:54.381, NVIDIA H800 PCIe, 0, 2631, 81559, 97
2026/05/29 18:53:59.415, NVIDIA H800 PCIe, 0, 2655, 81559, 95
2026/05/29 18:54:04.437, NVIDIA H800 PCIe, 0, 2575, 81559, 96
2026/05/29 18:54:09.470, NVIDIA H800 PCIe, 0, 2653, 81559, 96
2026/05/29 18:54:14.492, NVIDIA H800 PCIe, 0, 2601, 81559, 95
2026/05/29 18:54:19.530, NVIDIA H800 PCIe, 0, 2667, 81559, 96
2026/05/29 18:54:24.552, NVIDIA H800 PCIe, 0, 2675, 81559, 97
2026/05/29 18:54:29.586, NVIDIA H800 PCIe, 0, 2675, 81559, 96
2026/05/29 18:54:34.619, NVIDIA H800 PCIe, 0, 2687, 81559, 97
2026/05/29 18:54:39.654, NVIDIA H800 PCIe, 0, 2685, 81559, 95
2026/05/29 18:54:44.676, NVIDIA H800 PCIe, 0, 2707, 81559, 97
2026/05/29 18:54:49.710, NVIDIA H800 PCIe, 0, 2705, 81559, 97
2026/05/29 18:54:54.732, NVIDIA H800 PCIe, 0, 2619, 81559, 97
2026/05/29 18:54:59.766, NVIDIA H800 PCIe, 0, 2705, 81559, 97
2026/05/29 18:55:04.788, NVIDIA H800 PCIe, 0, 2705, 81559, 97
2026/05/29 18:55:09.832, NVIDIA H800 PCIe, 0, 2705, 81559, 97
2026/05/29 18:55:15.324, NVIDIA H800 PCIe, 0, 2705, 81559, 97
2026/05/29 18:55:20.346, NVIDIA H800 PCIe, 0, 2705, 81559, 97
2026/05/29 18:55:25.380, NVIDIA H800 PCIe, 0, 2705, 81559, 97
2026/05/29 18:55:30.414, NVIDIA H800 PCIe, 0, 2705, 81559, 97
2026/05/29 18:55:35.447, NVIDIA H800 PCIe, 0, 2705, 81559, 97
2026/05/29 18:55:40.482, NVIDIA H800 PCIe, 0, 2705, 81559, 97
2026/05/29 18:55:45.517, NVIDIA H800 PCIe, 0, 2773, 81559, 97
2026/05/29 18:55:50.549, NVIDIA H800 PCIe, 0, 2773, 81559, 97
2026/05/29 18:55:55.583, NVIDIA H800 PCIe, 0, 2773, 81559, 97
2026/05/29 18:56:00.617, NVIDIA H800 PCIe, 0, 2773, 81559, 97
2026/05/29 18:56:05.651, NVIDIA H800 PCIe, 0, 2773, 81559, 97
2026/05/29 18:56:10.684, NVIDIA H800 PCIe, 0, 2773, 81559, 97
2026/05/29 18:56:15.718, NVIDIA H800 PCIe, 0, 2773, 81559, 97
2026/05/29 18:56:20.751, NVIDIA H800 PCIe, 0, 2773, 81559, 97
2026/05/29 18:56:25.786, NVIDIA H800 PCIe, 0, 2773, 81559, 97
2026/05/29 18:56:30.820, NVIDIA H800 PCIe, 0, 2773, 81559, 97
2026/05/29 18:56:35.854, NVIDIA H800 PCIe, 0, 2773, 81559, 97
2026/05/29 18:56:40.888, NVIDIA H800 PCIe, 0, 2773, 81559, 97
2026/05/29 18:56:45.930, NVIDIA H800 PCIe, 0, 2773, 81559, 97
2026/05/29 18:56:50.965, NVIDIA H800 PCIe, 0, 2773, 81559, 97
2026/05/29 18:56:56.195, NVIDIA H800 PCIe, 0, 2773, 81559, 97
2026/05/29 18:57:01.232, NVIDIA H800 PCIe, 0, 2773, 81559, 97
2026/05/29 18:57:06.267, NVIDIA H800 PCIe, 0, 2773, 81559, 97
2026/05/29 18:57:11.301, NVIDIA H800 PCIe, 0, 2773, 81559, 97
2026/05/29 18:57:16.335, NVIDIA H800 PCIe, 0, 2773, 81559, 97
2026/05/29 18:57:21.369, NVIDIA H800 PCIe, 0, 2773, 81559, 97
2026/05/29 18:57:26.405, NVIDIA H800 PCIe, 0, 2773, 81559, 97
2026/05/29 18:57:31.439, NVIDIA H800 PCIe, 0, 2773, 81559, 97
2026/05/29 18:57:36.473, NVIDIA H800 PCIe, 0, 2773, 81559, 97
2026/05/29 18:57:41.507, NVIDIA H800 PCIe, 0, 2773, 81559, 97
2026/05/29 18:57:46.541, NVIDIA H800 PCIe, 0, 2773, 81559, 97
2026/05/29 18:57:51.569, NVIDIA H800 PCIe, 0, 1229, 81559, 2
2026/05/29 18:57:56.614, NVIDIA H800 PCIe, 0, 2247, 81559, 2
2026/05/29 18:58:01.648, NVIDIA H800 PCIe, 0, 2247, 81559, 2
2026/05/29 18:58:06.683, NVIDIA H800 PCIe, 0, 2247, 81559, 2
2026/05/29 18:58:11.718, NVIDIA H800 PCIe, 0, 0, 81559, 0
