2026/05/29 19:30:00.934, NVIDIA H800 PCIe, 0, 0, 81559, 0
2026/05/29 19:30:02.956, NVIDIA H800 PCIe, 0, 0, 81559, 0
2026/05/29 19:30:04.978, NVIDIA H800 PCIe, 0, 0, 81559, 0
2026/05/29 19:30:06.999, NVIDIA H800 PCIe, 0, 455, 81559, 0
2026/05/29 19:30:09.034, NVIDIA H800 PCIe, 0, 2893, 81559, 20
2026/05/29 19:30:11.066, NVIDIA H800 PCIe, 0, 3237, 81559, 99
2026/05/29 19:30:13.100, NVIDIA H800 PCIe, 0, 3237, 81559, 99
2026/05/29 19:30:15.135, NVIDIA H800 PCIe, 0, 3237, 81559, 98
2026/05/29 19:30:17.169, NVIDIA H800 PCIe, 0, 3237, 81559, 99
2026/05/29 19:30:19.203, NVIDIA H800 PCIe, 0, 3237, 81559, 99
2026/05/29 19:30:21.236, NVIDIA H800 PCIe, 0, 3237, 81559, 77
2026/05/29 19:30:23.271, NVIDIA H800 PCIe, 0, 3237, 81559, 76
2026/05/29 19:30:25.306, NVIDIA H800 PCIe, 0, 3237, 81559, 0
